ml_acc,spread_mae,total_mae
0.957277294543,2.16007891567,7.01654604188
