ml_acc,spread_mae,total_mae
0.955247495799,2.23309210688,7.44318545229
